USE BRAZUCAS
GO

INSERT INTO Categoria VALUES ('Curiosidades', 1)
INSERT INTO Categoria VALUES ('Bolao', NULL)
INSERT INTO Categoria VALUES ('Resultados', 1)
INSERT INTO Categoria VALUES ('Hoteis', 0)
INSERT INTO Categoria VALUES ('Pousadas', 0)
GO

INSERT INTO Grupo VALUES ('A')
INSERT INTO Grupo VALUES ('B')
INSERT INTO Grupo VALUES ('C')
INSERT INTO Grupo VALUES ('D')
INSERT INTO Grupo VALUES ('E')
INSERT INTO Grupo VALUES ('F')
INSERT INTO Grupo VALUES ('G')
INSERT INTO Grupo VALUES ('H')
GO

INSERT INTO Historia VALUES (NULL, 'Uruguai', NULL, '../../Content/themes/images/historia/hst_uruguai.jpg', 16, NULL)
INSERT INTO Historia VALUES (NULL, 'México', NULL, '../../Content/themes/images/historia/hst_mexico.jpg', 15, NULL)
INSERT INTO Historia VALUES (NULL, 'África do Sul', NULL, '../../Content/themes/images/historia/hst_africadosul.jpg', 60, NULL)
INSERT INTO Historia VALUES (NULL, 'França', NULL, '../../Content/themes/images/historia/hst_franca.jpg', 17, NULL)
INSERT INTO Historia VALUES (NULL, 'Argentina', NULL, '../../Content/themes/images/historia/hst_argentina.jpg', 3, NULL)
INSERT INTO Historia VALUES (NULL, 'Coreia do Sul', NULL, '../../Content/themes/images/historia/hst_coriadosul.jpg', 47, NULL)
INSERT INTO Historia VALUES (NULL, 'Grécia', NULL, '../../Content/themes/images/historia/hst_grecia.jpg', 12, NULL)
INSERT INTO Historia VALUES (NULL, 'Nigéria', NULL, '../../Content/themes/images/historia/hst_nigeria.jpg', 30, NULL)
INSERT INTO Historia VALUES (NULL, 'Estados Unidos', NULL, '../../Content/themes/images/historia/hst_estadosunidos.jpg', 33, NULL)
INSERT INTO Historia VALUES (NULL, 'Inglaterra', NULL, '../../Content/themes/images/historia/hst_inglaterra.jpg', 4, NULL)
INSERT INTO Historia VALUES (NULL, 'Eslovênia', NULL, '../../Content/themes/images/historia/hst_eslovênia.jpg', 56, NULL)
INSERT INTO Historia VALUES (NULL, 'Argélia', NULL, '../../Content/themes/images/historia/hst_argelia.jpg', 34, NULL)
INSERT INTO Historia VALUES (NULL, 'Alemanha', NULL, '../../Content/themes/images/historia/hst_alemanha.jpg', 2, NULL)
INSERT INTO Historia VALUES (NULL, 'Gana', NULL, '../../Content/themes/images/historia/hst_gana.jpg', 20, NULL)
INSERT INTO Historia VALUES (NULL, 'Austrália', NULL, '../../Content/themes/images/historia/hst_australia.jpg', 39, NULL)
INSERT INTO Historia VALUES (NULL, 'Sérvia', NULL, '../../Content/themes/images/historia/hst_servia.jpg', 35, NULL)
INSERT INTO Historia VALUES (NULL, 'Holanda', NULL, '../../Content/themes/images/historia/hst_holanda.jpg', 8, NULL)
INSERT INTO Historia VALUES (NULL, 'Japão', NULL, '../../Content/themes/images/historia/hst_japao.jpg', 26, NULL)
INSERT INTO Historia VALUES (NULL, 'Dinamarca', NULL, '../../Content/themes/images/historia/hst_dinamarca.jpg', 25, NULL)
INSERT INTO Historia VALUES (NULL, 'Camarões', NULL, '../../Content/themes/images/historia/hst_camaroes.jpg', 79, NULL)
INSERT INTO Historia VALUES (NULL, 'Paraguai', NULL, '../../Content/themes/images/historia/hst_paraguai.jpg', 38, NULL)
INSERT INTO Historia VALUES (NULL, 'Eslováquia', NULL, '../../Content/themes/images/historia/hst_eslovaquia.jpg', 57, NULL)
INSERT INTO Historia VALUES (NULL, 'Nova Zelândia', NULL, '../../Content/themes/images/historia/hst_novazelandia.jpg', 88, NULL)
INSERT INTO Historia VALUES (NULL, 'Itália', NULL, '../../Content/themes/images/historia/hst_italia.jpg', 5, NULL)
INSERT INTO Historia VALUES (NULL, 'Brasil', NULL, '../../Content/themes/images/historia/hst_brasil.jpg', 18, NULL)
INSERT INTO Historia VALUES (NULL, 'Portugal', NULL, '../../Content/themes/images/historia/hst_portugal.jpg', 7, NULL)
INSERT INTO Historia VALUES (NULL, 'Costa do Marfim', NULL, '../../Content/themes/images/historia/hst_costadomarfim.jpg', 13, NULL)
INSERT INTO Historia VALUES (NULL, 'Coreia do Norte', NULL, '../../Content/themes/images/historia/hst_coreiadonorte.jpg', 102, NULL)
INSERT INTO Historia VALUES (NULL, 'Espanha', NULL, '../../Content/themes/images/historia/hst_espanha.jpg', 1, NULL)
INSERT INTO Historia VALUES (NULL, 'Chile', NULL, '../../Content/themes/images/historia/hst_chile.jpg', 22, NULL)
INSERT INTO Historia VALUES (NULL, 'Suíça', NULL, '../../Content/themes/images/historia/hst_suica.jpg', 14, NULL)
INSERT INTO Historia VALUES (NULL, 'Honduras', NULL, '../../Content/themes/images/historia/hst_honduras.jpg', 49, NULL)
GO

INSERT INTO Selecao (Nome, Pais, CaminhoImagem, CodigoGrupo, DescricaoGrupo, CodigoHistoria) VALUES ('Uruguai', 'Uruguai', '../../Content/themes/images/bandeiras/flg_uruguai.jpg',1, 'A', 1)
INSERT INTO Selecao (Nome, Pais, CaminhoImagem, CodigoGrupo, DescricaoGrupo, CodigoHistoria) VALUES ('México', 'México', '../../Content/themes/images/bandeiras/flg_mexico.jpg', 1, 'A', 2)
INSERT INTO Selecao (Nome, Pais, CaminhoImagem, CodigoGrupo, DescricaoGrupo, CodigoHistoria) VALUES ('Africa do Sul', 'Africa do Sul', '../../Content/themes/images/bandeiras/flg_africadosul.jpg',1, 'A', 3)
INSERT INTO Selecao (Nome, Pais, CaminhoImagem, CodigoGrupo, DescricaoGrupo, CodigoHistoria) VALUES ('França', 'França', '../../Content/themes/images/bandeiras/flg_franca.jpg', 1,'A', 4)
INSERT INTO Selecao (Nome, Pais, CaminhoImagem, CodigoGrupo, DescricaoGrupo, CodigoHistoria) VALUES ('Argentina', 'Argentina', '../../Content/themes/images/bandeiras/flg_argentina.jpg', 2,'B', 5)
INSERT INTO Selecao (Nome, Pais, CaminhoImagem, CodigoGrupo, DescricaoGrupo, CodigoHistoria) VALUES ('Coreia do Sul', 'Coreia do Sul', '../../Content/themes/images/bandeiras/flg_coreiadosul.jpg', 2,'B', 6)
INSERT INTO Selecao (Nome, Pais, CaminhoImagem, CodigoGrupo, DescricaoGrupo, CodigoHistoria) VALUES ('Grécia', 'Grécia', '../../Content/themes/images/bandeiras/flg_grecia.jpg', 2,'B', 7)
INSERT INTO Selecao (Nome, Pais, CaminhoImagem, CodigoGrupo, DescricaoGrupo, CodigoHistoria) VALUES ('Nigéria', 'Nigéria', '../../Content/themes/images/bandeiras/flg_nigeria.jpg', 2,'B', 8)
INSERT INTO Selecao (Nome, Pais, CaminhoImagem, CodigoGrupo, DescricaoGrupo, CodigoHistoria) VALUES ('Estados Unidos', 'Estados Unidos', '../../Content/themes/images/bandeiras/flg_estadosunidos.jpg', 3,'C', 9)
INSERT INTO Selecao (Nome, Pais, CaminhoImagem, CodigoGrupo, DescricaoGrupo, CodigoHistoria) VALUES ('Inglaterra', 'Inglaterra', '../../Content/themes/images/bandeiras/flg_inglaterra.jpg', 3,'C', 10)
INSERT INTO Selecao (Nome, Pais, CaminhoImagem, CodigoGrupo, DescricaoGrupo, CodigoHistoria) VALUES ('Eslovênia', 'Eslovênia', '../../Content/themes/images/bandeiras/flg_eslovenia.jpg', 3,'C', 11)
INSERT INTO Selecao (Nome, Pais, CaminhoImagem, CodigoGrupo, DescricaoGrupo, CodigoHistoria) VALUES ('Argélia', 'Argélia', '../../Content/themes/images/bandeiras/flg_argelia.jpg', 3, 'C', 12)
INSERT INTO Selecao (Nome, Pais, CaminhoImagem, CodigoGrupo, DescricaoGrupo, CodigoHistoria) VALUES ('Alemanha', 'Alemanha', '../../Content/themes/images/bandeiras/flg_alemanha.jpg', 4,'D', 13)
INSERT INTO Selecao (Nome, Pais, CaminhoImagem, CodigoGrupo, DescricaoGrupo, CodigoHistoria) VALUES ('Gana', 'Gana', '../../Content/themes/images/bandeiras/flg_gana.jpg', 4,'D', 14)
INSERT INTO Selecao (Nome, Pais, CaminhoImagem, CodigoGrupo, DescricaoGrupo, CodigoHistoria) VALUES ('Austrália', 'Austrália', '../../Content/themes/images/bandeiras/flg_australia.jpg', 4,'D', 15)
INSERT INTO Selecao (Nome, Pais, CaminhoImagem, CodigoGrupo, DescricaoGrupo, CodigoHistoria) VALUES ('Sérvia', 'Sérvia', '../../Content/themes/images/bandeiras/flg_servia.jpg', 4,'D', 16)
INSERT INTO Selecao (Nome, Pais, CaminhoImagem, CodigoGrupo, DescricaoGrupo, CodigoHistoria) VALUES ('Holanda', 'Holanda', '../../Content/themes/images/bandeiras/flg_holanda.jpg', 5,'E', 17)
INSERT INTO Selecao (Nome, Pais, CaminhoImagem, CodigoGrupo, DescricaoGrupo, CodigoHistoria) VALUES ('Japão', 'Japão', '../../Content/themes/images/bandeiras/flg_japao.jpg', 5,'E', 18)
INSERT INTO Selecao (Nome, Pais, CaminhoImagem, CodigoGrupo, DescricaoGrupo, CodigoHistoria) VALUES ('Dinamarca', 'Dinamarca', '../../Content/themes/images/bandeiras/flg_dinamarca.jpg', 5,'E', 19)
INSERT INTO Selecao (Nome, Pais, CaminhoImagem, CodigoGrupo, DescricaoGrupo, CodigoHistoria) VALUES ('Camarões', 'Camarões', '../../Content/themes/images/bandeiras/flg_camaroes.jpg', 5,'E', 20)
INSERT INTO Selecao (Nome, Pais, CaminhoImagem, CodigoGrupo, DescricaoGrupo, CodigoHistoria) VALUES ('Paraguai', 'Paraguai', '../../Content/themes/images/bandeiras/flg_paraguai.jpg', 6,'F', 21)
INSERT INTO Selecao (Nome, Pais, CaminhoImagem, CodigoGrupo, DescricaoGrupo, CodigoHistoria) VALUES ('Eslováquia', 'Eslováquia', '../../Content/themes/images/bandeiras/flg_eslovaquia.jpg', 6,'F', 22)
INSERT INTO Selecao (Nome, Pais, CaminhoImagem, CodigoGrupo, DescricaoGrupo, CodigoHistoria) VALUES ('Nova Zelândia', 'Nova Zelândia', '../../Content/themes/images/bandeiras/flg_novazelandia.jpg', 6,'F', 23)
INSERT INTO Selecao (Nome, Pais, CaminhoImagem, CodigoGrupo, DescricaoGrupo, CodigoHistoria) VALUES ('Itália', 'Itália', '../../Content/themes/images/bandeiras/flg_italia.jpg', 6,'F', 24)
INSERT INTO Selecao (Nome, Pais, CaminhoImagem, CodigoGrupo, DescricaoGrupo, CodigoHistoria) VALUES ('Brasil', 'Brasil', '../../Content/themes/images/bandeiras/flg_brasil.jpg', 7, 'G', 25)
INSERT INTO Selecao (Nome, Pais, CaminhoImagem, CodigoGrupo, DescricaoGrupo, CodigoHistoria) VALUES ('Portugal', 'Portugal', '../../Content/themes/images/bandeiras/flg_portugal.jpg', 7, 'G', 26)
INSERT INTO Selecao (Nome, Pais, CaminhoImagem, CodigoGrupo, DescricaoGrupo, CodigoHistoria) VALUES ('Costa do Marfim', 'Costa do Marfim', '../../Content/themes/images/bandeiras/flg_costadomarfim.jpg', 7, 'G', 27)
INSERT INTO Selecao (Nome, Pais, CaminhoImagem, CodigoGrupo, DescricaoGrupo, CodigoHistoria) VALUES ('Coria do Norte', 'Coria do Norte', '../../Content/themes/images/bandeiras/flg_coriadonorte.jpg', 7, 'G', 28)
INSERT INTO Selecao (Nome, Pais, CaminhoImagem, CodigoGrupo, DescricaoGrupo, CodigoHistoria) VALUES ('Espanha', 'Espanha', '../../Content/themes/images/bandeiras/flg_espanha.jpg', 8, 'H', 29)
INSERT INTO Selecao (Nome, Pais, CaminhoImagem, CodigoGrupo, DescricaoGrupo, CodigoHistoria) VALUES ('Chile', 'Chile', '../../Content/themes/images/bandeiras/flg_chile.jpg', 8, 'H', 30)
INSERT INTO Selecao (Nome, Pais, CaminhoImagem, CodigoGrupo, DescricaoGrupo, CodigoHistoria) VALUES ('Suíça', 'Suíça', '../../Content/themes/images/bandeiras/flg_suica.jpg', 8, 'H', 31)
INSERT INTO Selecao (Nome, Pais, CaminhoImagem, CodigoGrupo, DescricaoGrupo, CodigoHistoria) VALUES ('Honduras', 'Honduras', '../../Content/themes/images/bandeiras/flg_honduras.jpg', 8, 'H', 32)
GO

INSERT INTO Cidade VALUES('Belo Horizonte', 'MG', '../../Content/themes/images/bandeiras/fto_belohorizonte.jpg', 'Estádio Mineirão', 62547, 'PENDENTE: Inserir localização...')
INSERT INTO Cidade VALUES('Brasília', 'DF', '../../Content/themes/images/bandeiras/fto_brasilia.jpg', 'Estádio Nacional Mané Garrincha', 70064, 'PENDENTE: Inserir localização...')
INSERT INTO Cidade VALUES('Cuiabá', 'MT', '../../Content/themes/images/bandeiras/fto_cuiaba.jpg', 'Arena Pantanal', 42968, 'PENDENTE: Inserir localização...')
INSERT INTO Cidade VALUES('Curitiba', 'PR', '../../Content/themes/images/bandeiras/fto_curitiba.jpg', 'Arena da Baixada', 42456, 'PENDENTE: Inserir localização...')
INSERT INTO Cidade VALUES('Fortaleza', 'CE', '../../Content/themes/images/bandeiras/fto_fortaleza.jpg', 'Estádio Castelão', 64846, 'PENDENTE: Inserir localização...')
INSERT INTO Cidade VALUES('Manaus', 'AM', '../../Content/themes/images/bandeiras/fto_manaus.jpg', 'Arena Amazônas', 42374, 'PENDENTE: Inserir localização...')
INSERT INTO Cidade VALUES('Natal', 'RN', '../../Content/themes/images/bandeiras/fto_natal.jpg', 'Estádio das Dunas', 42086, 'PENDENTE: Inserir localização...')
INSERT INTO Cidade VALUES('Porto Alegre', 'RS', '../../Content/themes/images/bandeiras/fto_portoalegre.jpg', 'Estádio Beira-Rio', 51000, 'PENDENTE: Inserir localização...')
INSERT INTO Cidade VALUES('Recife', 'PE', '../../Content/themes/images/bandeiras/fto_recife.jpg', 'Arena Pernambuco', 44248, 'PENDENTE: Inserir localização...')
INSERT INTO Cidade VALUES('Rio de Janeiro', 'RJ', '../../Content/themes/images/bandeiras/fto_riodejaneiro.jpg', 'Estádio do Maracanã', 76804, 'PENDENTE: Inserir localização...')
INSERT INTO Cidade VALUES('Salvador', 'BA', '../../Content/themes/images/bandeiras/fto_salvador.jpg', 'Arena Fonte Nova', 48747, 'PENDENTE: Inserir localização...')
INSERT INTO Cidade VALUES('São Paulo', 'SP', '../../Content/themes/images/bandeiras/fto_saopaulo.jpg', 'Arena de São Paulo', 65807, 'PENDENTE: Inserir localização...')
GO

INSERT INTO Jogo (CodigoCidade, NomeCidade, LocalVendaIngresso, Rodada, CodigoSelecaoA, NomeSelecaoA, CodigoSelecaoB, NomeSelecaoB, DataHora) VALUES (12, 'São Paulo', 'www.ingressorapido.com', 1, 1, 'Uruguai', 2, 'México', '12/06/2014 17:00')
INSERT INTO Jogo (CodigoCidade, NomeCidade, LocalVendaIngresso, Rodada, CodigoSelecaoA, NomeSelecaoA, CodigoSelecaoB, NomeSelecaoB, DataHora) VALUES (7, 'Natal', 'www.ingressorapido.com', 1, 3, 'Africa do Sul', 4, 'França', '13/06/2014 13:00')
INSERT INTO Jogo (CodigoCidade, NomeCidade, LocalVendaIngresso, Rodada, CodigoSelecaoA, NomeSelecaoA, CodigoSelecaoB, NomeSelecaoB, DataHora) VALUES (11, 'Salvador', 'www.ingressorapido.com', 1, 5, 'Argentina', 6, 'Coreia do Sul', '13/06/2014 16:00')
INSERT INTO Jogo (CodigoCidade, NomeCidade, LocalVendaIngresso, Rodada, CodigoSelecaoA, NomeSelecaoA, CodigoSelecaoB, NomeSelecaoB, DataHora) VALUES (3, 'Cuiabá', 'www.ingressorapido.com', 1, 7, 'Grécia', 8, 'Nigéria', '13/06/2014 18:00')
INSERT INTO Jogo (CodigoCidade, NomeCidade, LocalVendaIngresso, Rodada, CodigoSelecaoA, NomeSelecaoA, CodigoSelecaoB, NomeSelecaoB, DataHora) VALUES (1, 'Belo Horizonte', 'www.ingressorapido.com', 1, 9, 'Estados Unidos', 10, 'Inglaterra', '14/06/2014 13:00')
INSERT INTO Jogo (CodigoCidade, NomeCidade, LocalVendaIngresso, Rodada, CodigoSelecaoA, NomeSelecaoA, CodigoSelecaoB, NomeSelecaoB, DataHora) VALUES (5, 'Fortaleza', 'www.ingressorapido.com', 1, 13, 'Alemanha', 14, 'Gana', '14/06/2014 16:00')
INSERT INTO Jogo (CodigoCidade, NomeCidade, LocalVendaIngresso, Rodada, CodigoSelecaoA, NomeSelecaoA, CodigoSelecaoB, NomeSelecaoB, DataHora) VALUES (9, 'Recife', 'www.ingressorapido.com', 1, 11, 'Eslovênia', 12, 'Argélia', '14/06/2014 19:00')
INSERT INTO Jogo (CodigoCidade, NomeCidade, LocalVendaIngresso, Rodada, CodigoSelecaoA, NomeSelecaoA, CodigoSelecaoB, NomeSelecaoB, DataHora) VALUES (6, 'Manaus', 'www.ingressorapido.com', 1, 15, 'Austrália', 16, 'Sérvia', '14/06/2014 21:00')
INSERT INTO Jogo (CodigoCidade, NomeCidade, LocalVendaIngresso, Rodada, CodigoSelecaoA, NomeSelecaoA, CodigoSelecaoB, NomeSelecaoB, DataHora) VALUES (2, 'Brasília', 'www.ingressorapido.com', 1, 17, 'Holanda', 18, 'Japão', '15/06/2014 13:00')
INSERT INTO Jogo (CodigoCidade, NomeCidade, LocalVendaIngresso, Rodada, CodigoSelecaoA, NomeSelecaoA, CodigoSelecaoB, NomeSelecaoB, DataHora) VALUES (8, 'Porto Alegre', 'www.ingressorapido.com', 1, 19, 'Dinamarca', 20, 'Camarões', '15/06/2014 16:00')
INSERT INTO Jogo (CodigoCidade, NomeCidade, LocalVendaIngresso, Rodada, CodigoSelecaoA, NomeSelecaoA, CodigoSelecaoB, NomeSelecaoB, DataHora) VALUES (10, 'Rio de Janeiro', 'www.ingressorapido.com', 1, 21, 'Paraguai', 22, 'Eslováquia', '15/06/2014 19:00')
INSERT INTO Jogo (CodigoCidade, NomeCidade, LocalVendaIngresso, Rodada, CodigoSelecaoA, NomeSelecaoA, CodigoSelecaoB, NomeSelecaoB, DataHora) VALUES (11, 'Salvador', 'www.ingressorapido.com', 1, 25, 'Brasil', 26, 'Portugal', '16/06/2014 13:00')
INSERT INTO Jogo (CodigoCidade, NomeCidade, LocalVendaIngresso, Rodada, CodigoSelecaoA, NomeSelecaoA, CodigoSelecaoB, NomeSelecaoB, DataHora) VALUES (4, 'Curitiba', 'www.ingressorapido.com', 1, 23, 'Nova Zelândia', 24, 'Itália', '16/06/2014 16:00')
INSERT INTO Jogo (CodigoCidade, NomeCidade, LocalVendaIngresso, Rodada, CodigoSelecaoA, NomeSelecaoA, CodigoSelecaoB, NomeSelecaoB, DataHora) VALUES (7, 'Natal', 'www.ingressorapido.com', 1, 27, 'Costa do Marfim', 28, 'Coria do Norte', '16/06/2014 19:00')
INSERT INTO Jogo (CodigoCidade, NomeCidade, LocalVendaIngresso, Rodada, CodigoSelecaoA, NomeSelecaoA, CodigoSelecaoB, NomeSelecaoB, DataHora) VALUES (1, 'Belo Horizonte', 'www.ingressorapido.com', 1, 29, 'Espanha', 30, 'Chile', '17/06/2014 13:00')
INSERT INTO Jogo (CodigoCidade, NomeCidade, LocalVendaIngresso, Rodada, CodigoSelecaoA, NomeSelecaoA, CodigoSelecaoB, NomeSelecaoB, DataHora) VALUES (5, 'Fortaleza', 'www.ingressorapido.com', 2, 1, 'Uruguai', 3, 'Africa do Sul', '17/06/2014 16:00')
INSERT INTO Jogo (CodigoCidade, NomeCidade, LocalVendaIngresso, Rodada, CodigoSelecaoA, NomeSelecaoA, CodigoSelecaoB, NomeSelecaoB, DataHora) VALUES (3, 'Cuiabá', 'www.ingressorapido.com', 1, 31, 'Suíça', 32, 'Honduras', '17/06/2014 18:00')
INSERT INTO Jogo (CodigoCidade, NomeCidade, LocalVendaIngresso, Rodada, CodigoSelecaoA, NomeSelecaoA, CodigoSelecaoB, NomeSelecaoB, DataHora) VALUES (8, 'Porto Alegre', 'www.ingressorapido.com', 2, 6, 'Coreia do Sul', 8, 'Nigéria', '18/06/2014 13:00')
INSERT INTO Jogo (CodigoCidade, NomeCidade, LocalVendaIngresso, Rodada, CodigoSelecaoA, NomeSelecaoA, CodigoSelecaoB, NomeSelecaoB, DataHora) VALUES (6, 'Manaus', 'www.ingressorapido.com', 2, 2, 'México', 4, 'França', '18/06/2014 16:00')
INSERT INTO Jogo (CodigoCidade, NomeCidade, LocalVendaIngresso, Rodada, CodigoSelecaoA, NomeSelecaoA, CodigoSelecaoB, NomeSelecaoB, DataHora) VALUES (10, 'Rio de Janeiro', 'www.ingressorapido.com', 2, 5, 'Argentina', 7, 'Grécia', '18/06/2014 18:00')
INSERT INTO Jogo (CodigoCidade, NomeCidade, LocalVendaIngresso, Rodada, CodigoSelecaoA, NomeSelecaoA, CodigoSelecaoB, NomeSelecaoB, DataHora) VALUES (2, 'Brasília', 'www.ingressorapido.com', 2, 9, 'Estados Unidos', 11, 'Eslovênia', '19/06/2014 13:00')
INSERT INTO Jogo (CodigoCidade, NomeCidade, LocalVendaIngresso, Rodada, CodigoSelecaoA, NomeSelecaoA, CodigoSelecaoB, NomeSelecaoB, DataHora) VALUES (12, 'São Paulo', 'www.ingressorapido.com', 2, 13, 'Alemanha', 15, 'Austrália', '19/06/2014 16:00')
INSERT INTO Jogo (CodigoCidade, NomeCidade, LocalVendaIngresso, Rodada, CodigoSelecaoA, NomeSelecaoA, CodigoSelecaoB, NomeSelecaoB, DataHora) VALUES (7, 'Natal', 'www.ingressorapido.com', 2, 6, 'Coreia do Sul', 8, 'Nigéria', '19/06/2014 18:00')
INSERT INTO Jogo (CodigoCidade, NomeCidade, LocalVendaIngresso, Rodada, CodigoSelecaoA, NomeSelecaoA, CodigoSelecaoB, NomeSelecaoB, DataHora) VALUES (9, 'Recife', 'www.ingressorapido.com', 2, 14, 'Gana', 16, 'Sérvia', '20/06/2014 13:00')
INSERT INTO Jogo (CodigoCidade, NomeCidade, LocalVendaIngresso, Rodada, CodigoSelecaoA, NomeSelecaoA, CodigoSelecaoB, NomeSelecaoB, DataHora) VALUES (11, 'Salvador', 'www.ingressorapido.com', 2, 17, 'Holanda', 19, 'Dinamarca', '20/06/2014 16:00')
INSERT INTO Jogo (CodigoCidade, NomeCidade, LocalVendaIngresso, Rodada, CodigoSelecaoA, NomeSelecaoA, CodigoSelecaoB, NomeSelecaoB, DataHora) VALUES (4, 'Curitiba', 'www.ingressorapido.com', 2, 18, 'Japão', 20, 'Camarões', '20/06/2014 19:00')
INSERT INTO Jogo (CodigoCidade, NomeCidade, LocalVendaIngresso, Rodada, CodigoSelecaoA, NomeSelecaoA, CodigoSelecaoB, NomeSelecaoB, DataHora) VALUES (1, 'Belo Horizonte', 'www.ingressorapido.com', 2, 21, 'Paraguai', 23, 'Nova Zelândia', '21/06/2014 13:00')
INSERT INTO Jogo (CodigoCidade, NomeCidade, LocalVendaIngresso, Rodada, CodigoSelecaoA, NomeSelecaoA, CodigoSelecaoB, NomeSelecaoB, DataHora) VALUES (5, 'Fortaleza', 'www.ingressorapido.com', 2, 25, 'Brasil', 27, 'Costa do Marfim', '21/06/2014 16:00')
INSERT INTO Jogo (CodigoCidade, NomeCidade, LocalVendaIngresso, Rodada, CodigoSelecaoA, NomeSelecaoA, CodigoSelecaoB, NomeSelecaoB, DataHora) VALUES (3, 'Cuiabá', 'www.ingressorapido.com', 2, 22, 'Eslováquia', 24, 'Itália', '21/06/2014 18:00')
INSERT INTO Jogo (CodigoCidade, NomeCidade, LocalVendaIngresso, Rodada, CodigoSelecaoA, NomeSelecaoA, CodigoSelecaoB, NomeSelecaoB, DataHora) VALUES (8, 'Porto Alegre', 'www.ingressorapido.com', 2, 30, 'Chile', 32, 'Honduras', '22/06/2014 13:00')
INSERT INTO Jogo (CodigoCidade, NomeCidade, LocalVendaIngresso, Rodada, CodigoSelecaoA, NomeSelecaoA, CodigoSelecaoB, NomeSelecaoB, DataHora) VALUES (6, 'Manaus', 'www.ingressorapido.com', 2, 26, 'Portugal', 28, 'Coria do Norte', '22/06/2014 16:00')
INSERT INTO Jogo (CodigoCidade, NomeCidade, LocalVendaIngresso, Rodada, CodigoSelecaoA, NomeSelecaoA, CodigoSelecaoB, NomeSelecaoB, DataHora) VALUES (10, 'Rio de Janeiro', 'www.ingressorapido.com', 2, 29, 'Espanha', 31, 'Suíça', '22/06/2014 19:00')
INSERT INTO Jogo (CodigoCidade, NomeCidade, LocalVendaIngresso, Rodada, CodigoSelecaoA, NomeSelecaoA, CodigoSelecaoB, NomeSelecaoB, DataHora) VALUES (4, 'Curitiba', 'www.ingressorapido.com', 3, 5, 'Argentina', 8, 'Nigéria', '23/06/2014 13:00')
INSERT INTO Jogo (CodigoCidade, NomeCidade, LocalVendaIngresso, Rodada, CodigoSelecaoA, NomeSelecaoA, CodigoSelecaoB, NomeSelecaoB, DataHora) VALUES (12, 'São Paulo', 'www.ingressorapido.com', 3, 6, 'Coreia do Sul', 7, 'Grécia', '23/06/2014 16:00')
INSERT INTO Jogo (CodigoCidade, NomeCidade, LocalVendaIngresso, Rodada, CodigoSelecaoA, NomeSelecaoA, CodigoSelecaoB, NomeSelecaoB, DataHora) VALUES (2, 'Brasília', 'www.ingressorapido.com', 3, 4, 'França', 1, 'Uruguai', '23/06/2014 17:00')
INSERT INTO Jogo (CodigoCidade, NomeCidade, LocalVendaIngresso, Rodada, CodigoSelecaoA, NomeSelecaoA, CodigoSelecaoB, NomeSelecaoB, DataHora) VALUES (9, 'Recife', 'www.ingressorapido.com', 3, 2, 'México', 3, 'Africa do Sul', '23/06/2014 17:00')
INSERT INTO Jogo (CodigoCidade, NomeCidade, LocalVendaIngresso, Rodada, CodigoSelecaoA, NomeSelecaoA, CodigoSelecaoB, NomeSelecaoB, DataHora) VALUES (1, 'Belo Horizonte', 'www.ingressorapido.com', 3, 14, 'Gana', 15, 'Austrália', '24/06/2014 13:00')
INSERT INTO Jogo (CodigoCidade, NomeCidade, LocalVendaIngresso, Rodada, CodigoSelecaoA, NomeSelecaoA, CodigoSelecaoB, NomeSelecaoB, DataHora) VALUES (7, 'Natal', 'www.ingressorapido.com', 3, 13, 'Alemanha', 16, 'Sérvia', '24/06/2014 13:00')
INSERT INTO Jogo (CodigoCidade, NomeCidade, LocalVendaIngresso, Rodada, CodigoSelecaoA, NomeSelecaoA, CodigoSelecaoB, NomeSelecaoB, DataHora) VALUES (3, 'Cuiabá', 'www.ingressorapido.com', 3, 9, 'Estados Unidos', 12, 'Argélia', '24/06/2014 16:00')
INSERT INTO Jogo (CodigoCidade, NomeCidade, LocalVendaIngresso, Rodada, CodigoSelecaoA, NomeSelecaoA, CodigoSelecaoB, NomeSelecaoB, DataHora) VALUES (5, 'Fortaleza', 'www.ingressorapido.com', 3, 10, 'Inglaterra', 11, 'Eslovênia', '24/06/2014 17:00')
INSERT INTO Jogo (CodigoCidade, NomeCidade, LocalVendaIngresso, Rodada, CodigoSelecaoA, NomeSelecaoA, CodigoSelecaoB, NomeSelecaoB, DataHora) VALUES (8, 'Porto Alegre', 'www.ingressorapido.com', 3, 21, 'Paraguai', 24, 'Itália', '25/06/2014 13:00')
INSERT INTO Jogo (CodigoCidade, NomeCidade, LocalVendaIngresso, Rodada, CodigoSelecaoA, NomeSelecaoA, CodigoSelecaoB, NomeSelecaoB, DataHora) VALUES (11, 'Salvador', 'www.ingressorapido.com', 3, 22, 'Eslováquia', 23, 'Nova Zelândia', '25/06/2014 13:00')
INSERT INTO Jogo (CodigoCidade, NomeCidade, LocalVendaIngresso, Rodada, CodigoSelecaoA, NomeSelecaoA, CodigoSelecaoB, NomeSelecaoB, DataHora) VALUES (6, 'Manaus', 'www.ingressorapido.com', 3, 17, 'Holanda', 20, 'Camarões', '25/06/2014 16:00')
INSERT INTO Jogo (CodigoCidade, NomeCidade, LocalVendaIngresso, Rodada, CodigoSelecaoA, NomeSelecaoA, CodigoSelecaoB, NomeSelecaoB, DataHora) VALUES (10, 'Rio de Janeiro', 'www.ingressorapido.com', 3, 18, 'Japão', 19, 'Dinamarca', '25/06/2014 17:00')
INSERT INTO Jogo (CodigoCidade, NomeCidade, LocalVendaIngresso, Rodada, CodigoSelecaoA, NomeSelecaoA, CodigoSelecaoB, NomeSelecaoB, DataHora) VALUES (2, 'Brasília', 'www.ingressorapido.com', 3, 26, 'Portugal', 27, 'Costa do Marfim', '26/06/2014 13:00')
INSERT INTO Jogo (CodigoCidade, NomeCidade, LocalVendaIngresso, Rodada, CodigoSelecaoA, NomeSelecaoA, CodigoSelecaoB, NomeSelecaoB, DataHora) VALUES (9, 'Recife', 'www.ingressorapido.com', 3, 25, 'Brasil', 28, 'Coria do Norte', '26/06/2014 13:00')
INSERT INTO Jogo (CodigoCidade, NomeCidade, LocalVendaIngresso, Rodada, CodigoSelecaoA, NomeSelecaoA, CodigoSelecaoB, NomeSelecaoB, DataHora) VALUES (4, 'Curitiba', 'www.ingressorapido.com', 3, 30, 'Chile', 31, 'Suíça', '26/06/2014 17:00')
INSERT INTO Jogo (CodigoCidade, NomeCidade, LocalVendaIngresso, Rodada, CodigoSelecaoA, NomeSelecaoA, CodigoSelecaoB, NomeSelecaoB, DataHora) VALUES (12, 'São Paulo', 'www.ingressorapido.com', 3, 29, 'Espanha', 32, 'Honduras', '26/06/2014 17:00')
GO
